{"providers":[
		{
			"type": "bitmap",
			"file": "minecraft:pics/logo.png",
			"height": 83,
			"ascent": 63,
			"chars": [
				"☢"
			]
		},
		{
			"type": "bitmap",
			"file": "minecraft:pics/adminrank.png",
			"height": 7,
			"ascent": 7,
			"chars": [
				"􀀀"
			]
		},
		{
			"type": "bitmap",
			"file": "minecraft:pics/goldplusrank.png",
			"height": 7,
			"ascent": 7,
			"chars": [
				"􀀁"
			]
		},
		{
			"type": "bitmap",
			"file": "minecraft:pics/goldrank.png",
			"height": 7,
			"ascent": 7,
			"chars": [
				"􀀂"
			]
		}

]
}